Type,Name,Request Count,Failure Count,Median Response Time,Average Response Time,Min Response Time,Max Response Time,Average Content Size,Requests/s,Failures/s,50%,66%,75%,80%,90%,95%,98%,99%,99.9%,99.99%,100%
x_fanout_100_100,x_fanout_100_100_exchange_0,5110,0,10,11.259581996086112,0.259,66.913,0.0,2.8390397977438333,0.0,10,13,15,16,20,24,28,32,60,67,67
x_fanout_100_100,x_fanout_100_100_exchange_1,5192,0,10,11.152725731895233,0.22,62.604000000000006,0.0,2.884597774928764,0.0,10,13,15,16,20,23,28,31,53,63,63
x_fanout_100_100,x_fanout_100_100_exchange_10,4970,0,10,11.126049698189133,0.158,67.338,0.0,2.761257885476879,0.0,10,13,15,16,20,23,27,32,57,67,67
x_fanout_100_100,x_fanout_100_100_exchange_11,5084,0,10,11.221601888276949,0.23,66.743,0.0,2.8245945854656846,0.0,10,13,15,16,20,24,28,32,55,67,67
x_fanout_100_100,x_fanout_100_100_exchange_12,5098,0,10,11.389414868575917,0.19799999999999998,135.193,0.0,2.83237277669238,0.0,10,13,15,17,20,23,28,31,52,140,140
x_fanout_100_100,x_fanout_100_100_exchange_13,4942,0,10,11.232073249696471,0.27099999999999996,83.22,0.0,2.745701503023488,0.0,10,13,15,17,20,23,27,30,50,83,83
x_fanout_100_100,x_fanout_100_100_exchange_14,4991,0,10,11.277975956722099,0.21000000000000002,134.506,0.0,2.7729251723169224,0.0,10,13,15,16,20,24,28,32,62,130,130
x_fanout_100_100,x_fanout_100_100_exchange_15,5017,0,10,11.331239585409612,0.24600000000000002,135.03799999999998,0.0,2.787370384595071,0.0,10,13,15,16,20,23,27,31,55,140,140
x_fanout_100_100,x_fanout_100_100_exchange_16,5145,0,10,11.267628182701644,0.247,65.631,0.0,2.858485275810572,0.0,10,13,15,16,20,23,27,31,60,66,66
x_fanout_100_100,x_fanout_100_100_exchange_17,5065,0,10,11.149168410661416,0.26699999999999996,64.704,0.0,2.814038468800884,0.0,10,13,15,16,20,23,27,31,59,65,65
x_fanout_100_100,x_fanout_100_100_exchange_18,5131,0,10,11.293345351783271,0.268,135.045,0.0,2.8507070845838767,0.0,10,13,15,16,20,24,27,30,62,140,140
x_fanout_100_100,x_fanout_100_100_exchange_19,4985,0,10,11.142750651955868,0.152,84.772,0.0,2.7695916617911958,0.0,10,13,15,16,20,23,27,32,63,85,85
x_fanout_100_100,x_fanout_100_100_exchange_2,5083,0,10,11.153822349006486,0.214,83.081,0.0,2.8240390003780638,0.0,10,13,15,16,20,23,27,32,62,83,83
x_fanout_100_100,x_fanout_100_100_exchange_20,5142,0,10,11.290939128743677,0.22,134.658,0.0,2.8568185205477086,0.0,10,13,15,16,20,24,28,32,58,130,130
x_fanout_100_100,x_fanout_100_100_exchange_21,5076,0,10,11.2808597320725,0.211,62.902,0.0,2.820149904764716,0.0,10,13,15,16,20,23,27,32,56,63,63
x_fanout_100_100,x_fanout_100_100_exchange_22,5109,0,10,11.051338030925804,0.296,64.74000000000001,0.0,2.8384842126562124,0.0,10,13,15,16,20,23,27,30,52,65,65
x_fanout_100_100,x_fanout_100_100_exchange_23,5013,0,10,11.27396768402154,0.28200000000000003,140.746,0.0,2.7851480442445866,0.0,10,13,15,17,20,24,27,31,58,140,140
x_fanout_100_100,x_fanout_100_100_exchange_24,5104,0,10,11.242694553291537,0.177,62.278,0.0,2.8357062872181067,0.0,10,13,15,17,20,23,27,30,55,62,62
x_fanout_100_100,x_fanout_100_100_exchange_25,5036,0,10,11.333486894360606,0.195,135.04,0.0,2.7979265012598717,0.0,10,13,15,17,20,23,27,31,61,140,140
x_fanout_100_100,x_fanout_100_100_exchange_26,5069,0,10,11.192109883606232,0.357,135.14499999999998,0.0,2.8162608091513683,0.0,10,13,15,16,20,23,27,32,54,140,140
x_fanout_100_100,x_fanout_100_100_exchange_27,5278,0,10,11.235503978779837,0.221,64.29,0.0,2.932378092464179,0.0,10,13,15,16,20,23,27,31,55,64,64
x_fanout_100_100,x_fanout_100_100_exchange_28,5073,0,10,11.220846441947566,0.196,135.232,0.0,2.8184831495018527,0.0,10,13,15,16,20,23,27,30,62,140,140
x_fanout_100_100,x_fanout_100_100_exchange_29,5039,0,10,11.119408017463787,0.193,58.352000000000004,0.0,2.7995932565227353,0.0,10,13,15,16,20,24,27,30,52,58,58
x_fanout_100_100,x_fanout_100_100_exchange_3,5226,0,10,11.130018178339059,0.19,134.798,0.0,2.9034876679078816,0.0,10,13,15,16,20,23,27,31,59,130,130
x_fanout_100_100,x_fanout_100_100_exchange_30,4932,0,10,11.177284671532837,0.219,84.23899999999999,0.0,2.740145652147277,0.0,10,13,15,16,20,23,27,30,63,84,84
x_fanout_100_100,x_fanout_100_100_exchange_31,5103,0,10,11.06859670781893,0.301,81.651,0.0,2.835150702130486,0.0,10,13,15,16,20,23,26,29,57,82,82
x_fanout_100_100,x_fanout_100_100_exchange_32,5168,0,10,11.293140673374607,0.207,135.026,0.0,2.8712637328258577,0.0,10,13,15,16,20,23,27,32,62,140,140
x_fanout_100_100,x_fanout_100_100_exchange_33,5091,0,10,11.501656452563354,0.108,134.949,0.0,2.8284836810790326,0.0,10,13,15,17,20,23,28,33,62,130,130
x_fanout_100_100,x_fanout_100_100_exchange_34,5194,0,10,11.253880053908365,0.268,134.72400000000002,0.0,2.8857089451040063,0.0,10,13,15,16,20,23,27,31,55,130,130
x_fanout_100_100,x_fanout_100_100_exchange_35,5128,0,10,11.201654836193445,0.318,66.14399999999999,0.0,2.849040329321013,0.0,10,13,15,16,20,23,27,29,52,66,66
x_fanout_100_100,x_fanout_100_100_exchange_36,5102,0,10,11.315304978439828,0.3,64.25,0.0,2.8345951170428645,0.0,10,13,15,17,20,24,28,32,55,64,64
x_fanout_100_100,x_fanout_100_100_exchange_37,5088,0,10,11.275935731132074,0.283,135.223,0.0,2.826816925816169,0.0,10,13,15,17,20,24,28,31,53,140,140
x_fanout_100_100,x_fanout_100_100_exchange_38,4987,0,10,11.229539201925013,0.253,135.00300000000001,0.0,2.770702831966438,0.0,10,13,15,16,20,23,27,31,55,140,140
x_fanout_100_100,x_fanout_100_100_exchange_39,5092,0,10,11.370203456402193,0.24000000000000002,134.624,0.0,2.8290392661666535,0.0,10,13,15,17,21,24,28,31,53,130,130
x_fanout_100_100,x_fanout_100_100_exchange_4,5042,0,10,11.34603074176913,0.196,83.634,0.0,2.8012600117855984,0.0,10,13,15,16,20,23,27,32,59,84,84
x_fanout_100_100,x_fanout_100_100_exchange_40,5178,0,10,11.180554654306691,0.242,65.53299999999999,0.0,2.8768195837020687,0.0,10,13,15,16,20,23,27,31,58,66,66
x_fanout_100_100,x_fanout_100_100_exchange_41,5126,0,10,11.166399141630894,0.281,64.836,0.0,2.847929159145771,0.0,10,13,15,16,20,23,27,30,52,65,65
x_fanout_100_100,x_fanout_100_100_exchange_42,5149,0,10,11.301328219071666,0.191,82.694,0.0,2.8607076161610565,0.0,10,13,15,16,20,23,28,32,52,83,83
x_fanout_100_100,x_fanout_100_100_exchange_43,5076,0,10,11.111221434200157,0.17,66.433,0.0,2.820149904764716,0.0,10,13,15,16,20,23,27,31,58,66,66
x_fanout_100_100,x_fanout_100_100_exchange_44,5104,0,10,11.262588362068954,0.19699999999999998,135.27800000000002,0.0,2.8357062872181067,0.0,10,13,15,16,20,23,27,32,59,140,140
x_fanout_100_100,x_fanout_100_100_exchange_45,5038,0,10,11.197020444620888,0.255,84.361,0.0,2.799037671435114,0.0,10,13,15,16,20,23,27,31,58,84,84
x_fanout_100_100,x_fanout_100_100_exchange_46,5072,0,10,11.271300473186116,0.32,134.918,0.0,2.8179275644142314,0.0,10,13,15,16,20,24,28,31,58,130,130
x_fanout_100_100,x_fanout_100_100_exchange_47,5130,0,10,11.335983430799205,0.203,64.44,0.0,2.8501514994962553,0.0,10,13,15,17,20,23,27,31,59,64,64
x_fanout_100_100,x_fanout_100_100_exchange_48,5023,0,10,11.363546087995227,0.326,82.515,0.0,2.7907038951207976,0.0,10,13,15,17,20,23,27,31,55,83,83
x_fanout_100_100,x_fanout_100_100_exchange_49,5024,0,10,11.369440286624194,0.33799999999999997,66.58600000000001,0.0,2.7912594802084185,0.0,10,13,15,17,21,24,28,30,56,67,67
x_fanout_100_100,x_fanout_100_100_exchange_5,5216,0,10,11.34278776840492,0.214,63.76,0.0,2.8979318170316706,0.0,10,13,15,17,20,24,28,32,53,64,64
x_fanout_100_100,x_fanout_100_100_exchange_50,5193,0,10,11.3131538609667,0.347,65.843,0.0,2.885153360016385,0.0,10,13,15,16,20,24,27,31,58,66,66
x_fanout_100_100,x_fanout_100_100_exchange_51,5132,0,10,11.16991484801247,0.256,135.06099999999998,0.0,2.8512626696714976,0.0,10,13,15,16,20,23,27,31,61,140,140
x_fanout_100_100,x_fanout_100_100_exchange_52,4941,0,10,11.22040376442015,0.175,83.718,0.0,2.7451459179358673,0.0,10,13,15,16,20,23,27,30,52,84,84
x_fanout_100_100,x_fanout_100_100_exchange_53,5080,0,10,11.342368307086616,0.248,135.002,0.0,2.8223722451152002,0.0,10,13,15,16,20,24,28,33,63,140,140
x_fanout_100_100,x_fanout_100_100_exchange_54,5141,0,10,11.213954483563516,0.212,134.59099999999998,0.0,2.8562629354600877,0.0,10,13,15,16,20,23,27,32,59,130,130
x_fanout_100_100,x_fanout_100_100_exchange_55,5130,0,10,11.254397465886932,0.187,67.25699999999999,0.0,2.8501514994962553,0.0,10,13,15,16,20,23,27,32,58,67,67
x_fanout_100_100,x_fanout_100_100_exchange_56,5149,0,10,11.16003398718198,0.237,134.744,0.0,2.8607076161610565,0.0,10,13,15,16,20,23,28,31,53,130,130
x_fanout_100_100,x_fanout_100_100_exchange_57,5074,0,10,11.204464919195908,0.183,66.356,0.0,2.8190387345894736,0.0,10,13,15,16,20,23,27,30,56,66,66
x_fanout_100_100,x_fanout_100_100_exchange_58,5055,0,10,11.33108031651829,0.42000000000000004,65.126,0.0,2.808482617924673,0.0,10,13,15,16,20,24,27,31,58,65,65
x_fanout_100_100,x_fanout_100_100_exchange_59,5118,0,10,11.187524032825317,0.195,135.00300000000001,0.0,2.843484478444802,0.0,10,13,15,16,20,23,27,30,56,140,140
x_fanout_100_100,x_fanout_100_100_exchange_6,5162,0,10,11.140372336303757,0.228,66.81099999999999,0.0,2.867930222300131,0.0,10,13,15,16,20,23,27,30,57,67,67
x_fanout_100_100,x_fanout_100_100_exchange_60,5114,0,10,11.177833007430577,0.147,83.461,0.0,2.8412621380943177,0.0,10,13,15,16,20,23,27,30,61,83,83
x_fanout_100_100,x_fanout_100_100_exchange_61,5067,0,10,11.293880402605087,0.244,135.002,0.0,2.815149638976126,0.0,10,13,15,16,20,24,27,31,55,140,140
x_fanout_100_100,x_fanout_100_100_exchange_62,5163,0,10,11.220245981018788,0.136,83.29499999999999,0.0,2.868485807387752,0.0,10,13,15,16,20,24,28,32,62,83,83
x_fanout_100_100,x_fanout_100_100_exchange_63,5036,0,10,11.383077442414624,0.256,135.035,0.0,2.7979265012598717,0.0,10,13,15,17,20,24,28,32,57,140,140
x_fanout_100_100,x_fanout_100_100_exchange_64,5090,0,10,11.135839685658162,0.35100000000000003,62.61899999999999,0.0,2.8279280959914113,0.0,10,13,15,16,20,23,27,30,53,63,63
x_fanout_100_100,x_fanout_100_100_exchange_65,5142,0,10,11.266192921042407,0.212,81.75200000000001,0.0,2.8568185205477086,0.0,10,13,15,16,20,23,28,32,59,82,82
x_fanout_100_100,x_fanout_100_100_exchange_66,5051,0,10,11.241551375965168,0.159,135.221,0.0,2.8062602775741885,0.0,10,13,15,16,20,23,27,31,62,140,140
x_fanout_100_100,x_fanout_100_100_exchange_67,5138,0,10,11.15876994939664,0.235,68.142,0.0,2.854596180197224,0.0,10,13,15,16,20,23,26,29,47,68,68
x_fanout_100_100,x_fanout_100_100_exchange_68,5226,0,10,11.153408916953698,0.205,66.301,0.0,2.9034876679078816,0.0,10,13,15,16,20,23,27,31,57,66,66
x_fanout_100_100,x_fanout_100_100_exchange_69,5165,0,10,11.27301548886737,0.255,63.96,0.0,2.869596977562994,0.0,10,13,15,16,20,23,27,31,57,64,64
x_fanout_100_100,x_fanout_100_100_exchange_7,5023,0,10,11.36033983675094,0.213,135.005,0.0,2.7907038951207976,0.0,10,13,15,17,20,23,27,32,57,140,140
x_fanout_100_100,x_fanout_100_100_exchange_70,5028,0,10,11.104226531424038,0.386,64.396,0.0,2.793481820558903,0.0,10,13,15,16,20,23,27,30,53,64,64
x_fanout_100_100,x_fanout_100_100_exchange_71,5010,0,10,11.224660878243519,0.391,140.68800000000002,0.0,2.783481288981723,0.0,10,13,15,16,20,23,27,32,57,140,140
x_fanout_100_100,x_fanout_100_100_exchange_72,4967,0,10,11.279300785182201,0.211,134.982,0.0,2.759591130214016,0.0,10,13,15,16,20,23,27,31,61,130,130
x_fanout_100_100,x_fanout_100_100_exchange_73,5089,0,10,11.140314207113384,0.211,134.7,0.0,2.8273725109037904,0.0,10,13,15,16,20,23,27,31,52,130,130
x_fanout_100_100,x_fanout_100_100_exchange_74,5108,0,10,11.200937548942825,0.219,135.105,0.0,2.837928627568591,0.0,10,13,15,16,20,23,27,31,62,140,140
x_fanout_100_100,x_fanout_100_100_exchange_75,5055,0,10,11.356405341246289,0.255,83.78399999999999,0.0,2.808482617924673,0.0,10,13,15,16,20,24,28,33,63,84,84
x_fanout_100_100,x_fanout_100_100_exchange_76,5095,0,10,11.344322080471036,0.149,135.01,0.0,2.830706021429517,0.0,10,13,15,16,20,24,28,31,54,140,140
x_fanout_100_100,x_fanout_100_100_exchange_77,5173,0,10,11.149813067852302,0.245,82.926,0.0,2.874041658263963,0.0,10,13,15,16,20,23,27,30,58,83,83
x_fanout_100_100,x_fanout_100_100_exchange_78,5059,0,10,11.328825459576999,0.316,81.87,0.0,2.8107049582751573,0.0,10,13,15,16,20,23,27,32,57,82,82
x_fanout_100_100,x_fanout_100_100_exchange_79,5034,0,10,11.269577870480731,0.2,140.76500000000001,0.0,2.7968153310846295,0.0,10,13,15,17,20,23,28,32,58,140,140
x_fanout_100_100,x_fanout_100_100_exchange_8,5045,0,10,11.162166105054506,0.22699999999999998,64.791,0.0,2.802926767048462,0.0,10,13,15,16,20,23,27,31,51,65,65
x_fanout_100_100,x_fanout_100_100_exchange_80,5093,0,10,11.007142744944044,0.298,82.189,0.0,2.829594851254275,0.0,10,13,15,16,20,23,27,30,55,82,82
x_fanout_100_100,x_fanout_100_100_exchange_81,5044,0,10,11.372505352894542,0.254,134.685,0.0,2.8023711819608406,0.0,10,13,15,17,21,24,28,31,58,130,130
x_fanout_100_100,x_fanout_100_100_exchange_82,5100,0,10,11.462297647058811,0.281,83.327,0.0,2.8334839468676223,0.0,10,13,15,17,20,24,27,31,62,83,83
x_fanout_100_100,x_fanout_100_100_exchange_83,5175,0,10,11.067228792270544,0.222,140.722,0.0,2.875152828439205,0.0,10,13,15,16,20,23,26,29,52,140,140
x_fanout_100_100,x_fanout_100_100_exchange_84,5072,0,10,11.266190457413236,0.148,64.884,0.0,2.8179275644142314,0.0,10,13,15,16,20,24,28,32,58,65,65
x_fanout_100_100,x_fanout_100_100_exchange_85,5125,0,10,11.039276682926827,0.17200000000000001,82.622,0.0,2.84737357405815,0.0,10,13,15,16,20,23,27,30,54,83,83
x_fanout_100_100,x_fanout_100_100_exchange_86,5031,0,10,11.339701649771419,0.33,84.01,0.0,2.7951485758217665,0.0,10,13,15,17,20,23,27,31,65,84,84
x_fanout_100_100,x_fanout_100_100_exchange_87,5107,0,10,11.157763657724695,0.22,68.705,0.0,2.83737304248097,0.0,10,13,15,16,20,23,26,30,57,69,69
x_fanout_100_100,x_fanout_100_100_exchange_88,5186,0,10,11.150725800231385,0.229,83.448,0.0,2.8812642644030375,0.0,10,13,15,16,20,23,28,31,58,83,83
x_fanout_100_100,x_fanout_100_100_exchange_89,5008,0,10,11.214462859424927,0.257,82.274,0.0,2.782370118806481,0.0,10,13,15,16,20,23,27,30,58,82,82
x_fanout_100_100,x_fanout_100_100_exchange_9,5081,0,10,11.215570163353688,0.22,134.899,0.0,2.8229278302028216,0.0,10,13,15,17,20,24,28,32,58,130,130
x_fanout_100_100,x_fanout_100_100_exchange_90,5193,0,10,11.29070229154631,0.219,65.78699999999999,0.0,2.885153360016385,0.0,10,13,15,16,20,23,28,32,53,66,66
x_fanout_100_100,x_fanout_100_100_exchange_91,5212,0,10,11.195793937068304,0.156,83.85900000000001,0.0,2.895709476681186,0.0,10,13,15,16,20,23,27,30,61,84,84
x_fanout_100_100,x_fanout_100_100_exchange_92,5158,0,10,11.171754749903068,0.265,61.244,0.0,2.8657078819496467,0.0,10,13,15,16,20,24,27,31,57,61,61
x_fanout_100_100,x_fanout_100_100_exchange_93,5066,0,10,11.331099091985791,0.18100000000000002,64.636,0.0,2.814594053888505,0.0,10,13,15,16,20,23,28,33,59,65,65
x_fanout_100_100,x_fanout_100_100_exchange_94,5163,0,10,11.267793337207042,0.228,135.168,0.0,2.868485807387752,0.0,10,13,15,16,20,24,27,31,62,140,140
x_fanout_100_100,x_fanout_100_100_exchange_95,5069,0,10,11.232167685934115,0.19,66.228,0.0,2.8162608091513683,0.0,10,13,15,16,20,24,28,33,58,66,66
x_fanout_100_100,x_fanout_100_100_exchange_96,5135,0,10,11.20578188899708,0.179,83.0,0.0,2.852929424934361,0.0,10,13,15,16,20,23,27,30,53,83,83
x_fanout_100_100,x_fanout_100_100_exchange_97,5198,0,10,11.167154867256643,0.2,135.223,0.0,2.8879312854544907,0.0,10,13,15,16,20,23,27,30,58,140,140
x_fanout_100_100,x_fanout_100_100_exchange_98,5176,0,10,11.079847758887167,0.24600000000000002,135.23,0.0,2.8757084135268265,0.0,10,13,15,16,20,23,27,31,61,140,140
x_fanout_100_100,x_fanout_100_100_exchange_99,5092,0,10,11.27116908876669,0.204,134.844,0.0,2.8290392661666535,0.0,10,13,15,16,20,23,27,30,57,130,130
,Aggregated,509578,0,10,11.235507924203958,0.108,140.76500000000001,0.0,283.11393777978617,0.0,10,13,15,16,20,23,27,31,58,84,140
