"Time","/opt/erlang/lib/erlang/erts-14.2.5/bin/beam.smp","/usr/local/bin/scaphandre","/bin/bash","/usr/share/grafana/bin/grafana","/usr/bin/mongod"
2025-01-17 19:09:15,0 B,0 B,0 B,0 B,32.8 kB
2025-01-17 19:09:30,0 B,0 B,0 B,0 B,32.8 kB
2025-01-17 19:09:45,0 B,0 B,0 B,0 B,32.8 kB
2025-01-17 19:10:00,0 B,0 B,0 B,98.3 kB,32.8 kB
2025-01-17 19:10:15,0 B,0 B,0 B,0 B,32.8 kB
2025-01-17 19:10:30,0 B,0 B,0 B,0 B,41.0 kB
2025-01-17 19:10:45,0 B,0 B,0 B,0 B,20.5 kB
2025-01-17 19:11:00,0 B,0 B,0 B,0 B,20.5 kB
2025-01-17 19:11:15,0 B,0 B,0 B,0 B,20.5 kB
2025-01-17 19:11:30,0 B,0 B,0 B,0 B,24.6 kB
2025-01-17 19:11:45,0 B,0 B,0 B,0 B,24.6 kB
2025-01-17 19:12:00,0 B,0 B,0 B,0 B,24.6 kB
2025-01-17 19:12:15,0 B,0 B,0 B,0 B,24.6 kB
2025-01-17 19:12:30,0 B,0 B,0 B,0 B,24.6 kB
2025-01-17 19:12:45,0 B,0 B,0 B,0 B,28.7 kB
2025-01-17 19:13:00,0 B,0 B,0 B,0 B,28.7 kB
2025-01-17 19:13:15,0 B,0 B,0 B,36.9 kB,28.7 kB
2025-01-17 19:13:30,0 B,0 B,0 B,0 B,28.7 kB
2025-01-17 19:13:45,0 B,0 B,0 B,0 B,32.8 kB
2025-01-17 19:14:00,0 B,0 B,0 B,0 B,32.8 kB
2025-01-17 19:14:15,0 B,0 B,0 B,0 B,32.8 kB
2025-01-17 19:14:30,0 B,0 B,0 B,0 B,32.8 kB
2025-01-17 19:14:45,0 B,0 B,0 B,0 B,32.8 kB
2025-01-17 19:15:00,0 B,0 B,0 B,0 B,32.8 kB
2025-01-17 19:15:15,0 B,0 B,0 B,0 B,36.9 kB
2025-01-17 19:15:30,0 B,0 B,0 B,0 B,41.0 kB
2025-01-17 19:15:45,0 B,0 B,0 B,0 B,20.5 kB
2025-01-17 19:16:00,0 B,0 B,0 B,0 B,20.5 kB
2025-01-17 19:16:15,0 B,0 B,0 B,0 B,20.5 kB
2025-01-17 19:16:30,0 B,0 B,0 B,0 B,24.6 kB
2025-01-17 19:16:45,0 B,0 B,0 B,0 B,24.6 kB
2025-01-17 19:17:00,0 B,0 B,0 B,0 B,24.6 kB
2025-01-17 19:17:15,0 B,0 B,0 B,0 B,24.6 kB
2025-01-17 19:17:30,0 B,0 B,0 B,0 B,24.6 kB
2025-01-17 19:17:45,0 B,0 B,0 B,0 B,28.7 kB
2025-01-17 19:18:00,0 B,0 B,0 B,0 B,28.7 kB
2025-01-17 19:18:15,0 B,0 B,0 B,0 B,28.7 kB
2025-01-17 19:18:30,0 B,0 B,0 B,0 B,28.7 kB
2025-01-17 19:18:45,0 B,0 B,0 B,0 B,28.7 kB
2025-01-17 19:19:00,0 B,0 B,0 B,0 B,32.8 kB
2025-01-17 19:19:15,0 B,0 B,0 B,0 B,32.8 kB
2025-01-17 19:19:30,0 B,0 B,0 B,0 B,32.8 kB
2025-01-17 19:19:45,0 B,0 B,0 B,0 B,32.8 kB
2025-01-17 19:20:00,0 B,0 B,0 B,0 B,32.8 kB
2025-01-17 19:20:15,0 B,0 B,0 B,0 B,36.9 kB
2025-01-17 19:20:30,0 B,0 B,0 B,0 B,41.0 kB
2025-01-17 19:20:45,0 B,0 B,0 B,0 B,20.5 kB
2025-01-17 19:21:00,0 B,0 B,0 B,0 B,20.5 kB
2025-01-17 19:21:15,0 B,0 B,0 B,160 kB,20.5 kB
2025-01-17 19:21:30,0 B,0 B,0 B,0 B,24.6 kB
2025-01-17 19:21:45,0 B,0 B,0 B,0 B,24.6 kB
2025-01-17 19:22:00,0 B,0 B,0 B,0 B,24.6 kB
2025-01-17 19:22:15,0 B,0 B,0 B,0 B,24.6 kB
2025-01-17 19:22:30,0 B,0 B,0 B,0 B,24.6 kB
2025-01-17 19:22:45,0 B,0 B,0 B,0 B,28.7 kB
2025-01-17 19:23:00,0 B,0 B,0 B,0 B,28.7 kB
2025-01-17 19:23:15,0 B,0 B,0 B,0 B,28.7 kB
2025-01-17 19:23:30,0 B,0 B,0 B,0 B,28.7 kB
2025-01-17 19:23:45,0 B,0 B,0 B,0 B,32.8 kB
2025-01-17 19:24:00,0 B,0 B,0 B,0 B,32.8 kB
2025-01-17 19:24:15,0 B,0 B,0 B,0 B,32.8 kB
2025-01-17 19:24:30,0 B,0 B,0 B,0 B,32.8 kB
2025-01-17 19:24:45,0 B,0 B,0 B,0 B,32.8 kB
2025-01-17 19:25:00,0 B,0 B,0 B,0 B,32.8 kB
2025-01-17 19:25:15,0 B,0 B,0 B,0 B,36.9 kB
2025-01-17 19:25:30,0 B,0 B,0 B,0 B,49.2 kB
2025-01-17 19:25:45,0 B,0 B,0 B,0 B,20.5 kB
2025-01-17 19:26:00,0 B,0 B,0 B,0 B,20.5 kB
2025-01-17 19:26:15,0 B,0 B,0 B,0 B,20.5 kB
2025-01-17 19:26:30,0 B,0 B,0 B,0 B,24.6 kB
2025-01-17 19:26:45,0 B,0 B,0 B,0 B,24.6 kB
2025-01-17 19:27:00,0 B,0 B,0 B,0 B,24.6 kB
2025-01-17 19:27:15,0 B,0 B,0 B,0 B,24.6 kB
2025-01-17 19:27:30,0 B,0 B,0 B,0 B,24.6 kB
2025-01-17 19:27:45,0 B,0 B,0 B,0 B,28.7 kB
2025-01-17 19:28:00,0 B,0 B,0 B,0 B,28.7 kB
2025-01-17 19:28:15,0 B,0 B,0 B,0 B,28.7 kB
2025-01-17 19:28:30,0 B,0 B,0 B,0 B,28.7 kB
2025-01-17 19:28:45,0 B,0 B,0 B,0 B,32.8 kB
2025-01-17 19:29:00,0 B,0 B,0 B,0 B,32.8 kB
2025-01-17 19:29:15,0 B,0 B,0 B,0 B,32.8 kB
2025-01-17 19:29:30,0 B,0 B,0 B,0 B,32.8 kB
2025-01-17 19:29:45,0 B,0 B,0 B,0 B,32.8 kB
2025-01-17 19:30:00,0 B,0 B,0 B,0 B,32.8 kB
2025-01-17 19:30:15,0 B,0 B,0 B,0 B,36.9 kB
2025-01-17 19:30:30,0 B,0 B,0 B,0 B,41.0 kB
2025-01-17 19:30:45,0 B,0 B,0 B,0 B,20.5 kB
2025-01-17 19:31:00,0 B,0 B,0 B,0 B,20.5 kB
2025-01-17 19:31:15,0 B,0 B,0 B,0 B,20.5 kB
2025-01-17 19:31:30,0 B,0 B,0 B,0 B,24.6 kB
2025-01-17 19:31:45,0 B,0 B,0 B,0 B,24.6 kB
2025-01-17 19:32:00,0 B,0 B,0 B,0 B,24.6 kB
2025-01-17 19:32:15,0 B,0 B,0 B,0 B,24.6 kB
2025-01-17 19:32:30,0 B,0 B,0 B,0 B,24.6 kB
2025-01-17 19:32:45,0 B,0 B,0 B,36.9 kB,28.7 kB
2025-01-17 19:33:00,0 B,0 B,0 B,0 B,28.7 kB
2025-01-17 19:33:15,0 B,0 B,0 B,0 B,28.7 kB
2025-01-17 19:33:30,0 B,0 B,0 B,0 B,28.7 kB
2025-01-17 19:33:45,0 B,0 B,0 B,0 B,32.8 kB
2025-01-17 19:34:00,0 B,0 B,0 B,0 B,32.8 kB
2025-01-17 19:34:15,0 B,0 B,0 B,0 B,32.8 kB
2025-01-17 19:34:30,0 B,0 B,0 B,0 B,32.8 kB
2025-01-17 19:34:45,0 B,0 B,0 B,0 B,32.8 kB
2025-01-17 19:35:00,0 B,0 B,0 B,0 B,32.8 kB
2025-01-17 19:35:15,0 B,0 B,0 B,0 B,36.9 kB
2025-01-17 19:35:30,0 B,0 B,0 B,0 B,41.0 kB
2025-01-17 19:35:45,0 B,0 B,0 B,0 B,20.5 kB
2025-01-17 19:36:00,0 B,0 B,0 B,0 B,20.5 kB
2025-01-17 19:36:15,0 B,0 B,0 B,0 B,20.5 kB
2025-01-17 19:36:30,0 B,0 B,0 B,0 B,24.6 kB
2025-01-17 19:36:45,0 B,0 B,0 B,0 B,24.6 kB
2025-01-17 19:37:00,0 B,0 B,0 B,0 B,24.6 kB
2025-01-17 19:37:15,0 B,0 B,0 B,0 B,24.6 kB
2025-01-17 19:37:30,0 B,0 B,0 B,0 B,24.6 kB
2025-01-17 19:37:45,0 B,0 B,0 B,0 B,28.7 kB
2025-01-17 19:38:00,0 B,0 B,0 B,0 B,28.7 kB
2025-01-17 19:38:15,0 B,0 B,0 B,0 B,28.7 kB
2025-01-17 19:38:30,0 B,0 B,0 B,0 B,28.7 kB
2025-01-17 19:38:45,0 B,0 B,0 B,0 B,32.8 kB
2025-01-17 19:39:00,0 B,0 B,0 B,0 B,32.8 kB
2025-01-17 19:39:15,0 B,0 B,0 B,0 B,32.8 kB