"Time","/bin/busybox","/opt/erlang/lib/erlang/erts-14.2.5/bin/beam.smp","/usr/local/bin/scaphandre","/usr/share/grafana/bin/grafana","/usr/bin/mongod"
2025-01-17 13:58:45,0 B,0 B,0 B,0 B,0 B
2025-01-17 13:59:00,0 B,0 B,0 B,0 B,0 B
2025-01-17 13:59:15,0 B,0 B,0 B,0 B,0 B
2025-01-17 13:59:30,0 B,12.3 kB,0 B,0 B,0 B
2025-01-17 13:59:45,0 B,0 B,0 B,0 B,0 B
2025-01-17 14:00:00,0 B,0 B,0 B,0 B,0 B
2025-01-17 14:00:15,0 B,0 B,0 B,0 B,0 B
2025-01-17 14:00:30,0 B,0 B,0 B,0 B,0 B
2025-01-17 14:00:45,0 B,0 B,0 B,0 B,0 B
2025-01-17 14:01:00,0 B,0 B,0 B,0 B,0 B
2025-01-17 14:01:15,0 B,0 B,0 B,0 B,0 B
2025-01-17 14:01:30,0 B,0 B,0 B,0 B,0 B
2025-01-17 14:01:45,0 B,0 B,0 B,0 B,0 B
2025-01-17 14:02:00,0 B,0 B,0 B,0 B,0 B
2025-01-17 14:02:15,0 B,0 B,0 B,0 B,0 B
2025-01-17 14:02:30,0 B,0 B,0 B,0 B,0 B
2025-01-17 14:02:45,0 B,0 B,0 B,0 B,0 B
2025-01-17 14:03:00,0 B,36.9 kB,0 B,0 B,0 B
2025-01-17 14:03:15,0 B,20.5 kB,0 B,0 B,0 B
2025-01-17 14:03:30,0 B,28.7 kB,0 B,0 B,0 B
2025-01-17 14:03:45,0 B,0 B,0 B,0 B,0 B
2025-01-17 14:04:00,0 B,0 B,0 B,0 B,0 B
2025-01-17 14:04:15,0 B,0 B,0 B,0 B,0 B
2025-01-17 14:04:30,0 B,0 B,0 B,0 B,0 B
2025-01-17 14:04:45,0 B,0 B,0 B,0 B,0 B
2025-01-17 14:05:00,0 B,0 B,0 B,0 B,0 B
2025-01-17 14:05:15,0 B,0 B,0 B,0 B,0 B
2025-01-17 14:05:30,0 B,0 B,0 B,0 B,0 B
2025-01-17 14:05:45,0 B,0 B,0 B,0 B,0 B
2025-01-17 14:06:00,0 B,0 B,0 B,0 B,0 B
2025-01-17 14:06:15,0 B,0 B,0 B,0 B,0 B
2025-01-17 14:06:30,0 B,0 B,0 B,0 B,0 B
2025-01-17 14:06:45,0 B,0 B,0 B,0 B,0 B
2025-01-17 14:07:00,0 B,0 B,0 B,0 B,0 B
2025-01-17 14:07:15,0 B,0 B,0 B,0 B,0 B
2025-01-17 14:07:30,0 B,0 B,0 B,0 B,0 B
2025-01-17 14:07:45,0 B,0 B,0 B,0 B,0 B
2025-01-17 14:08:00,0 B,0 B,0 B,0 B,0 B
2025-01-17 14:08:15,0 B,4.10 kB,0 B,0 B,0 B
2025-01-17 14:08:30,0 B,0 B,0 B,0 B,0 B
2025-01-17 14:08:45,0 B,0 B,0 B,0 B,0 B
2025-01-17 14:09:00,0 B,0 B,0 B,0 B,0 B
2025-01-17 14:09:15,0 B,0 B,0 B,0 B,0 B
2025-01-17 14:09:30,0 B,0 B,0 B,0 B,0 B
2025-01-17 14:09:45,0 B,0 B,0 B,0 B,0 B
2025-01-17 14:10:00,0 B,4.10 kB,0 B,0 B,0 B
2025-01-17 14:10:15,0 B,0 B,0 B,0 B,0 B
2025-01-17 14:10:30,0 B,0 B,0 B,0 B,0 B
2025-01-17 14:10:45,0 B,0 B,0 B,0 B,0 B
2025-01-17 14:11:00,0 B,0 B,0 B,0 B,0 B
2025-01-17 14:11:15,0 B,0 B,0 B,0 B,0 B
2025-01-17 14:11:30,0 B,0 B,0 B,0 B,0 B
2025-01-17 14:11:45,0 B,4.10 kB,0 B,0 B,0 B
2025-01-17 14:12:00,0 B,0 B,0 B,0 B,0 B
2025-01-17 14:12:15,0 B,4.10 kB,0 B,0 B,0 B
2025-01-17 14:12:30,0 B,0 B,0 B,0 B,0 B
2025-01-17 14:12:45,0 B,8.19 kB,0 B,0 B,0 B
2025-01-17 14:13:00,0 B,0 B,0 B,0 B,0 B
2025-01-17 14:13:15,0 B,0 B,0 B,0 B,0 B
2025-01-17 14:13:30,0 B,0 B,0 B,0 B,0 B
2025-01-17 14:13:45,0 B,4.10 kB,0 B,0 B,0 B
2025-01-17 14:14:00,0 B,0 B,0 B,0 B,0 B
2025-01-17 14:14:15,0 B,0 B,0 B,0 B,0 B
2025-01-17 14:14:30,0 B,0 B,0 B,0 B,0 B
2025-01-17 14:14:45,0 B,0 B,0 B,0 B,0 B
2025-01-17 14:15:00,0 B,0 B,0 B,0 B,0 B
2025-01-17 14:15:15,0 B,0 B,0 B,0 B,0 B
2025-01-17 14:15:30,0 B,0 B,0 B,0 B,0 B
2025-01-17 14:15:45,0 B,0 B,0 B,0 B,0 B
2025-01-17 14:16:00,0 B,0 B,0 B,0 B,0 B
2025-01-17 14:16:15,0 B,0 B,0 B,0 B,0 B
2025-01-17 14:16:30,0 B,0 B,0 B,0 B,0 B
2025-01-17 14:16:45,0 B,0 B,0 B,0 B,0 B
2025-01-17 14:17:00,0 B,0 B,0 B,0 B,0 B
2025-01-17 14:17:15,0 B,4.10 kB,0 B,0 B,0 B
2025-01-17 14:17:30,0 B,0 B,0 B,0 B,0 B
2025-01-17 14:17:45,0 B,12.3 kB,0 B,0 B,0 B
2025-01-17 14:18:00,0 B,0 B,0 B,0 B,0 B
2025-01-17 14:18:15,0 B,0 B,0 B,0 B,0 B
2025-01-17 14:18:30,0 B,0 B,0 B,0 B,0 B
2025-01-17 14:18:45,0 B,0 B,0 B,0 B,0 B
2025-01-17 14:19:00,0 B,0 B,0 B,0 B,0 B
2025-01-17 14:19:15,0 B,0 B,0 B,0 B,0 B
2025-01-17 14:19:30,0 B,0 B,0 B,0 B,0 B
2025-01-17 14:19:45,0 B,0 B,0 B,0 B,0 B
2025-01-17 14:20:00,0 B,0 B,0 B,0 B,0 B
2025-01-17 14:20:15,0 B,0 B,0 B,0 B,0 B
2025-01-17 14:20:30,0 B,0 B,0 B,0 B,0 B
2025-01-17 14:20:45,0 B,0 B,0 B,0 B,0 B
2025-01-17 14:21:00,0 B,0 B,0 B,0 B,0 B
2025-01-17 14:21:15,0 B,0 B,0 B,0 B,0 B
2025-01-17 14:21:30,0 B,0 B,0 B,0 B,0 B
2025-01-17 14:21:45,0 B,0 B,0 B,0 B,0 B
2025-01-17 14:22:00,0 B,4.10 kB,0 B,0 B,0 B
2025-01-17 14:22:15,0 B,0 B,0 B,0 B,0 B
2025-01-17 14:22:30,0 B,0 B,0 B,0 B,0 B
2025-01-17 14:22:45,0 B,12.3 kB,0 B,0 B,0 B
2025-01-17 14:23:00,0 B,4.10 kB,0 B,0 B,0 B
2025-01-17 14:23:15,0 B,0 B,0 B,0 B,0 B
2025-01-17 14:23:30,0 B,0 B,0 B,0 B,0 B
2025-01-17 14:23:45,0 B,0 B,0 B,0 B,0 B
2025-01-17 14:24:00,0 B,0 B,0 B,0 B,0 B
2025-01-17 14:24:15,0 B,0 B,0 B,0 B,0 B
2025-01-17 14:24:30,0 B,0 B,0 B,0 B,0 B
2025-01-17 14:24:45,0 B,0 B,0 B,0 B,0 B
2025-01-17 14:25:00,0 B,0 B,0 B,0 B,0 B
2025-01-17 14:25:15,0 B,0 B,0 B,0 B,0 B
2025-01-17 14:25:30,0 B,0 B,0 B,0 B,0 B
2025-01-17 14:25:45,0 B,0 B,0 B,0 B,0 B
2025-01-17 14:26:00,0 B,0 B,0 B,0 B,0 B
2025-01-17 14:26:15,0 B,0 B,0 B,0 B,0 B
2025-01-17 14:26:30,0 B,0 B,0 B,0 B,0 B
2025-01-17 14:26:45,0 B,0 B,0 B,0 B,0 B
2025-01-17 14:27:00,0 B,0 B,0 B,0 B,0 B
2025-01-17 14:27:15,0 B,0 B,0 B,0 B,0 B
2025-01-17 14:27:30,0 B,0 B,0 B,0 B,0 B
2025-01-17 14:27:45,0 B,4.10 kB,0 B,0 B,0 B
2025-01-17 14:28:00,0 B,8.19 kB,0 B,0 B,0 B
2025-01-17 14:28:15,0 B,4.10 kB,0 B,0 B,0 B
2025-01-17 14:28:30,0 B,0 B,0 B,0 B,0 B
2025-01-17 14:28:45,0 B,0 B,0 B,0 B,0 B